/* VERSION = 0.0.1 ORACLE-LIKE */
/* Non standard UnBBayes-PRM SQL script file. */
/* This file was generated by UnBBayes-PRM plugin on Mon Sep 06 11:43:30 BRT 2010 */
/* You may change the order of the statements, but please, do not change the statements themselves. */


CREATE TABLE "AttackPlan" (
	 "id" 	 VARCHAR2(300) 	 not null,
	 "isActivePlan" 	 VARCHAR2(300) 	 
);
ALTER TABLE "AttackPlan" ADD CONSTRAINT PK_AttackPlan PRIMARY KEY ("id");
ALTER TABLE "AttackPlan" ADD CONSTRAINT CK_isActivePlan CHECK ( "isActivePlan" IN ('true', 'false'));

CREATE TABLE "CellPhone" (
	 "id" 	 VARCHAR2(300) 	 not null
);
ALTER TABLE "CellPhone" ADD CONSTRAINT PK_CellPhone PRIMARY KEY ("id");

CREATE TABLE "PrsnOfIntrst" (
	 "id" 	 VARCHAR2(300) 	 not null,
	 "isWeaponSupplier" 	 VARCHAR2(300) 	 ,
	 "explosiveResidueReport" 	 VARCHAR2(300) 	 
);
ALTER TABLE "PrsnOfIntrst" ADD CONSTRAINT PK_PrsnOfIntrst PRIMARY KEY ("id");
ALTER TABLE "PrsnOfIntrst" ADD CONSTRAINT CK_isWeaponSupplier CHECK ( "isWeaponSupplier" IN ('true', 'false'));
ALTER TABLE "PrsnOfIntrst" ADD CONSTRAINT CK_explosiveResidueReport CHECK ( "explosiveResidueReport" IN ('true', 'false'));

CREATE TABLE "Venue" (
	 "id" 	 VARCHAR2(300) 	 not null,
	 "politicalImportance" 	 VARCHAR2(300) 	 
);
ALTER TABLE "Venue" ADD CONSTRAINT PK_Venue PRIMARY KEY ("id");
ALTER TABLE "Venue" ADD CONSTRAINT CK_politicalImportance CHECK ( "politicalImportance" IN ('high', 'low'));

CREATE TABLE "AttackPlanTarget" (
	 "id" 	 VARCHAR2(300) 	 not null,
	 "attackPlan_id" 	 VARCHAR2(300) 	 not null,
	 "venue_id" 	 VARCHAR2(300) 	 not null,
	 "isTarget" 	 VARCHAR2(300) 	 ,
	 "isMeetingVenue" 	 VARCHAR2(300) 	 
);
ALTER TABLE "AttackPlanTarget" ADD CONSTRAINT PK_AttackPlanTarget PRIMARY KEY ("id");
ALTER TABLE "AttackPlanTarget" ADD CONSTRAINT CK_isTarget CHECK ( "isTarget" IN ('true', 'false'));
ALTER TABLE "AttackPlanTarget" ADD CONSTRAINT CK_isMeetingVenue CHECK ( "isMeetingVenue" IN ('true', 'false'));

CREATE TABLE "PlanExecution" (
	 "id" 	 VARCHAR2(300) 	 not null,
	 "prsnOfIntrst_id" 	 VARCHAR2(300) 	 not null,
	 "attackPlan_id" 	 VARCHAR2(300) 	 not null,
	 "isAgentOf" 	 VARCHAR2(300) 	 ,
	 "suppliesWpnMtrl" 	 VARCHAR2(300) 	 ,
	 "Executes" 	 VARCHAR2(300) 	 ,
	 "PlantsExplosives" 	 VARCHAR2(300) 	 
);
ALTER TABLE "PlanExecution" ADD CONSTRAINT PK_AgentAttackPlan PRIMARY KEY ("id");
ALTER TABLE "PlanExecution" ADD CONSTRAINT CK_isAgentOf CHECK ( "isAgentOf" IN ('true', 'false'));
ALTER TABLE "PlanExecution" ADD CONSTRAINT CK_suppliesWpnMtrl CHECK ( "suppliesWpnMtrl" IN ('true', 'false'));
ALTER TABLE "PlanExecution" ADD CONSTRAINT CK_Executes CHECK ( "Executes" IN ('true', 'false'));
ALTER TABLE "PlanExecution" ADD CONSTRAINT CK_PlantsExplosives CHECK ( "PlantsExplosives" IN ('true', 'false'));

CREATE TABLE "LocationReport" (
	 "id" 	 VARCHAR2(300) 	 not null,
	 "prsnOfIntrst_id" 	 VARCHAR2(300) 	 not null,
	 "venue_id" 	 VARCHAR2(300) 	 not null,
	 "missingCarReport" 	 VARCHAR2(300) 	 ,
	 "HUMINTLocationReport" 	 VARCHAR2(300) 	 ,
	 "agentLocation_id" 	 VARCHAR2(300) 	 not null
);
ALTER TABLE "LocationReport" ADD CONSTRAINT PK_LocationReport PRIMARY KEY ("id");
ALTER TABLE "LocationReport" ADD CONSTRAINT CK_missingCarReport CHECK ( "missingCarReport" IN ('true', 'false'));
ALTER TABLE "LocationReport" ADD CONSTRAINT CK_HUMINTLocationReport CHECK ( "HUMINTLocationReport" IN ('true', 'false'));

CREATE TABLE "SocialNetwork" (
	 "id" 	 VARCHAR2(300) 	 not null,
	 "agt1" 	 VARCHAR2(300) 	 not null,
	 "agt2" 	 VARCHAR2(300) 	 not null,
	 "SNRival" 	 VARCHAR2(300) 	 ,
	 "SNRelated" 	 VARCHAR2(300) 	 
);
ALTER TABLE "SocialNetwork" ADD CONSTRAINT PK_SocialNetwork PRIMARY KEY ("id");
ALTER TABLE "SocialNetwork" ADD CONSTRAINT CK_SNRival CHECK ( "SNRival" IN ('true', 'false'));
ALTER TABLE "SocialNetwork" ADD CONSTRAINT CK_SNRelated CHECK ( "SNRelated" IN ('true', 'false'));

CREATE TABLE "AgentLocation" (
	 "id" 	 VARCHAR2(300) 	 not null,
	 "prsnOfIntrst_id" 	 VARCHAR2(300) 	 not null,
	 "venue_id" 	 VARCHAR2(300) 	 not null,
	 "residesAt" 	 VARCHAR2(300) 	 ,
	 "isExpectedAt" 	 VARCHAR2(300) 	 ,
	 "agentAt" 	 VARCHAR2(300) 	 
);
ALTER TABLE "AgentLocation" ADD CONSTRAINT PK_AgentLocation PRIMARY KEY ("id");
ALTER TABLE "AgentLocation" ADD CONSTRAINT CK_residesAt CHECK ( "residesAt" IN ('true', 'false'));
ALTER TABLE "AgentLocation" ADD CONSTRAINT CK_isExpectedAt CHECK ( "isExpectedAt" IN ('true', 'false'));
ALTER TABLE "AgentLocation" ADD CONSTRAINT CK_agentAt CHECK ( "agentAt" IN ('true', 'false'));

CREATE TABLE "AUX_AgentLocation_AgentAttackPlan" (
	 "id" 	 VARCHAR2(300) 	 not null,
	 "agentLocation_id" 	 VARCHAR2(300) 	 not null,
	 "agentAttackPlan_id" 	 VARCHAR2(300) 	 not null,
	 "isExpectedAt" 	 VARCHAR2(300) 	 ,
	 "isAgentOf" 	 VARCHAR2(300) 	 
);
ALTER TABLE "AUX_AgentLocation_AgentAttackPlan" ADD CONSTRAINT PK_AUXISEXPECTEDATISAGENTOF PRIMARY KEY ("id");
ALTER TABLE "AUX_AgentLocation_AgentAttackPlan" ADD CONSTRAINT CK_isExpectedAt CHECK ( "isExpectedAt" IN ('true', 'false'));
ALTER TABLE "AUX_AgentLocation_AgentAttackPlan" ADD CONSTRAINT CK_isAgentOf CHECK ( "isAgentOf" IN ('true', 'false'));

CREATE TABLE "AUX_SocialNetwork_AgentAttackPlan" (
	 "id" 	 VARCHAR2(300) 	 not null,
	 "agentAttackPlan_id" 	 VARCHAR2(300) 	 not null,
	 "SocialNetwork_id" 	 VARCHAR2(300) 	 not null,
	 "SNRival" 	 VARCHAR2(300) 	 
);
ALTER TABLE "AUX_SocialNetwork_AgentAttackPlan" ADD CONSTRAINT PK_AUXSNRIVALISAGENTOF PRIMARY KEY ("id");
ALTER TABLE "AUX_SocialNetwork_AgentAttackPlan" ADD CONSTRAINT CK_SNRival CHECK ( "SNRival" IN ('true', 'false'));

CREATE TABLE "AUX_isAgentOf_SNRelated_agt1" (
	 "id" 	 VARCHAR2(300) 	 not null,
	 "agentAttackPlan_id" 	 VARCHAR2(300) 	 not null,
	 "socialNetwork_id" 	 VARCHAR2(300) 	 not null,
	 "isAgentOf" 	 VARCHAR2(300) 	 
);
ALTER TABLE "AUX_isAgentOf_SNRelated_agt1" ADD CONSTRAINT PK_AUXISAGENTOFSNRELATEDAGT1 PRIMARY KEY ("id");
ALTER TABLE "AUX_isAgentOf_SNRelated_agt1" ADD CONSTRAINT CK_isAgentOf CHECK ( "isAgentOf" IN ('true', 'false'));

CREATE TABLE "AUX_isAgentOf_SNRelated_agt2" (
	 "id" 	 VARCHAR2(300) 	 not null,
	 "agentAttackPlan_id" 	 VARCHAR2(300) 	 not null,
	 "socialNetwork_id" 	 VARCHAR2(300) 	 not null,
	 "isAgentOf" 	 VARCHAR2(300) 	 
);
ALTER TABLE "AUX_isAgentOf_SNRelated_agt2" ADD CONSTRAINT PK_AUXISAGENTOFSNRELATEDAGT2 PRIMARY KEY ("id");
ALTER TABLE "AUX_isAgentOf_SNRelated_agt2" ADD CONSTRAINT CK_isAgentOf CHECK ( "isAgentOf" IN ('true', 'false'));

CREATE TABLE "AUX_AttackPlanTarget_AgentLocation" (
	 "id" 	 VARCHAR2(300) 	 not null,
	 "agentLocation_id" 	 VARCHAR2(300) 	 not null,
	 "attackPlanTarget_id" 	 VARCHAR2(300) 	 not null,
	 "isTarget" 	 VARCHAR2(300) 	 ,
	 "isMeetingVenue" 	 VARCHAR2(300) 	 ,
	 "residesAt" 	 VARCHAR2(300) 	 
);
ALTER TABLE "AUX_AttackPlanTarget_AgentLocation" ADD CONSTRAINT PK_AUXATTACKPLANTARGETAGENTLOCATION PRIMARY KEY ("id");
ALTER TABLE "AUX_AttackPlanTarget_AgentLocation" ADD CONSTRAINT CK_isTarget CHECK ( "isTarget" IN ('true', 'false'));
ALTER TABLE "AUX_AttackPlanTarget_AgentLocation" ADD CONSTRAINT CK_isMeetingVenue CHECK ( "isMeetingVenue" IN ('true', 'false'));
ALTER TABLE "AUX_AttackPlanTarget_AgentLocation" ADD CONSTRAINT CK_residesAt CHECK ( "residesAt" IN ('true', 'false'));

CREATE TABLE "AUX_AgentAttackPlan_AttackPlanTarget" (
	 "id" 	 VARCHAR2(300) 	 not null,
	 "agentAttackPlan_id" 	 VARCHAR2(300) 	 not null,
	 "attackPlanTarget_id" 	 VARCHAR2(300) 	 not null,
	 "isAgentOf" 	 VARCHAR2(300) 	 ,
	 "isTarget" 	 VARCHAR2(300) 	 
);
ALTER TABLE "AUX_AgentAttackPlan_AttackPlanTarget" ADD CONSTRAINT PK_AUXAGENTATTACKPLANATTACKPLANTARGET PRIMARY KEY ("id");
ALTER TABLE "AUX_AgentAttackPlan_AttackPlanTarget" ADD CONSTRAINT CK_isAgentOf CHECK ( "isAgentOf" IN ('true', 'false'));
ALTER TABLE "AUX_AgentAttackPlan_AttackPlanTarget" ADD CONSTRAINT CK_isTarget CHECK ( "isTarget" IN ('true', 'false'));

/* Storing foreign keys */

ALTER TABLE "AttackPlanTarget" ADD CONSTRAINT FK_ATTACKPLANTARGET_PLAN FOREIGN KEY ("attackPlan_id")  REFERENCES "AttackPlan" ("id");

ALTER TABLE "AttackPlanTarget" ADD CONSTRAINT FK_ATTACKPLANTARGET_VENUE FOREIGN KEY ("venue_id")  REFERENCES "Venue" ("id");

ALTER TABLE "PlanExecution" ADD CONSTRAINT FK_AGENTATTACKPLAN_AGENT FOREIGN KEY ("prsnOfIntrst_id")  REFERENCES "PrsnOfIntrst" ("id");

ALTER TABLE "PlanExecution" ADD CONSTRAINT FK_AGENTATTACKPLAN_PLAN FOREIGN KEY ("attackPlan_id")  REFERENCES "AttackPlan" ("id");

ALTER TABLE "LocationReport" ADD CONSTRAINT FK_LOCATIONREPORT_AGENT FOREIGN KEY ("prsnOfIntrst_id")  REFERENCES "PrsnOfIntrst" ("id");

ALTER TABLE "LocationReport" ADD CONSTRAINT FK_LOCATIONREPORT_VENUE FOREIGN KEY ("venue_id")  REFERENCES "Venue" ("id");

ALTER TABLE "LocationReport" ADD CONSTRAINT FKl_LOCATIONREPORT_AGENTLOCATION FOREIGN KEY ("agentLocation_id")  REFERENCES "AgentLocation" ("id");

ALTER TABLE "SocialNetwork" ADD CONSTRAINT FK_SOCIALNETWORK_AGT1 FOREIGN KEY ("agt1")  REFERENCES "PrsnOfIntrst" ("id");

ALTER TABLE "SocialNetwork" ADD CONSTRAINT FK_SOCIALNETWORK_AGT2 FOREIGN KEY ("agt2")  REFERENCES "PrsnOfIntrst" ("id");

ALTER TABLE "AgentLocation" ADD CONSTRAINT FK_AGENTLOCATION_AGENT FOREIGN KEY ("prsnOfIntrst_id")  REFERENCES "PrsnOfIntrst" ("id");

ALTER TABLE "AgentLocation" ADD CONSTRAINT FK_AGENTLOCATION_VENUE FOREIGN KEY ("venue_id")  REFERENCES "Venue" ("id");

ALTER TABLE "AUX_AgentLocation_AgentAttackPlan" ADD CONSTRAINT FK_AUXISEXPECTEDATISAGENTOF_AGENTLOCATION FOREIGN KEY ("agentLocation_id")  REFERENCES "AgentLocation" ("id");

ALTER TABLE "AUX_AgentLocation_AgentAttackPlan" ADD CONSTRAINT FK_AUXISEXPECTEDATISAGENTOF_AGENTATTACKPLAN FOREIGN KEY ("agentAttackPlan_id")  REFERENCES "PlanExecution" ("id");

ALTER TABLE "AUX_SocialNetwork_AgentAttackPlan" ADD CONSTRAINT FK_AUXSNRIVALISAGENTOF_AGENTATTACKPLAN FOREIGN KEY ("agentAttackPlan_id")  REFERENCES "PlanExecution" ("id");

ALTER TABLE "AUX_SocialNetwork_AgentAttackPlan" ADD CONSTRAINT FK_AUXSNRIVALISAGENTOF_SOCIALNETWORK FOREIGN KEY ("SocialNetwork_id")  REFERENCES "SocialNetwork" ("id");

ALTER TABLE "AUX_isAgentOf_SNRelated_agt1" ADD CONSTRAINT FK_AUXISAGENTOFSNRELATEDAGT1_AGENTATTACKPLAN FOREIGN KEY ("agentAttackPlan_id")  REFERENCES "PlanExecution" ("id");

ALTER TABLE "AUX_isAgentOf_SNRelated_agt1" ADD CONSTRAINT FK_AUXISAGENTOFSNRELATEDAGT1_SOCIALNETWORK FOREIGN KEY ("socialNetwork_id")  REFERENCES "SocialNetwork" ("id");

ALTER TABLE "AUX_isAgentOf_SNRelated_agt2" ADD CONSTRAINT FK_AUXISAGENTOFSNRELATEDAGT2_AGENTATTACKPLAN FOREIGN KEY ("agentAttackPlan_id")  REFERENCES "PlanExecution" ("id");

ALTER TABLE "AUX_isAgentOf_SNRelated_agt2" ADD CONSTRAINT FK_AUXISAGENTOFSNRELATEDAGT2_SOCIALNETWORK FOREIGN KEY ("socialNetwork_id")  REFERENCES "SocialNetwork" ("id");

ALTER TABLE "AUX_AttackPlanTarget_AgentLocation" ADD CONSTRAINT FK_AUXATTACKPLANTARGETAGENTLOCATION_AGENTLOCATION FOREIGN KEY ("agentLocation_id")  REFERENCES "AgentLocation" ("id");

ALTER TABLE "AUX_AttackPlanTarget_AgentLocation" ADD CONSTRAINT FK_AUXATTACKPLANTARGETAGENTLOCATION_ATTACKPLANTARGET FOREIGN KEY ("attackPlanTarget_id")  REFERENCES "AttackPlanTarget" ("id");

ALTER TABLE "AUX_AgentAttackPlan_AttackPlanTarget" ADD CONSTRAINT FK_AUXAGENTATTACKPLANATTACKPLANTARGET_AGENTATTACKPLAN FOREIGN KEY ("agentAttackPlan_id")  REFERENCES "PlanExecution" ("id");

ALTER TABLE "AUX_AgentAttackPlan_AttackPlanTarget" ADD CONSTRAINT FK_AUXAGENTATTACKPLANATTACKPLANTARGET_ATTACKPLANTARGET FOREIGN KEY ("attackPlanTarget_id")  REFERENCES "AttackPlanTarget" ("id");

/* Storing dependencies as in-table comments (this is a temporary solution to be solved in future releases) */
/* Format: <listOfParents>; {<listOfProbabilities>} */
/* The <listOfParents> is a comma separated list having the following format: <parentClass>.<parentColumn>(<aggregateFunction>){<listOfForeignKeys>} */
/* The ".<aggregateFunction>" is usually "mode" (with no double quotes) or white space if none. */
/* The <listOfForeignKeys> and <listOfProbabilities> are white space separated list. */
/* The [<listOfProbabilities>] is something like {0.1 0.9 0.9 0.1} */
/* If a foreign key in <listOfForeignKeys> is written as !<foreignKeyName>, then it will be marked as an inverse foreign key (one-to-many) */

COMMENT ON COLUMN AttackPlan.isActivePlan IS ' ;  { 0.01 0.99 }';
COMMENT ON COLUMN PrsnOfIntrst.isWeaponSupplier IS ' ;  { 0.01 0.99 }';
COMMENT ON COLUMN PrsnOfIntrst.explosiveResidueReport IS 'PlanExecution.PlantsExplosives(Mode)[ !FK_AGENTATTACKPLAN_AGENT ] ;  { 0.8 0.2 5.0E-4 0.9995 }';
COMMENT ON COLUMN Venue.politicalImportance IS ' ;  { 0.05 0.95 }';
COMMENT ON COLUMN AttackPlanTarget.isTarget IS 'AttackPlan.isActivePlan()[ FK_ATTACKPLANTARGET_PLAN ] , Venue.politicalImportance()[ FK_ATTACKPLANTARGET_VENUE ] ;  { 0.7 0.3 0.0 1.0 0.0030 0.997 0.0 1.0 }';
COMMENT ON COLUMN AttackPlanTarget.isMeetingVenue IS 'AUX_AttackPlanTarget_AgentLocation.residesAt(Mode)[ !FK_AUXATTACKPLANTARGETAGENTLOCATION_ATTACKPLANTARGET ] , AUX_AgentAttackPlan_AttackPlanTarget.isAgentOf(Mode)[ !FK_AUXAGENTATTACKPLANATTACKPLANTARGET_ATTACKPLANTARGET ] ;  { 0.4 0.6 0.0010 0.999 0.0010 0.999 0.0010 0.999 }';
COMMENT ON COLUMN PlanExecution.isAgentOf IS 'PrsnOfIntrst.isWeaponSupplier()[ FK_AGENTATTACKPLAN_AGENT ] , AttackPlan.isActivePlan()[ FK_AGENTATTACKPLAN_PLAN ] , AUX_AgentLocation_AgentAttackPlan.isExpectedAt(Mode)[ !FK_AUXISEXPECTEDATISAGENTOF_AGENTATTACKPLAN ] , AUX_SocialNetwork_AgentAttackPlan.SNRival(Mode)[ !FK_AUXSNRIVALISAGENTOF_AGENTATTACKPLAN ] ;  { 0.75 0.25 0.02 0.98 0.0 1.0 0.0 1.0 0.05 0.95 0.0050 0.995 0.0 1.0 0.0 1.0 0.05 95.0 0.0050 0.995 0.05 0.95 0.0 1.0 0.05 0.95 0.0050 0.995 0.0 1.0 0.0 1.0 }';
COMMENT ON COLUMN PlanExecution.suppliesWpnMtrl IS 'PlanExecution.isAgentOf()[ ] , PrsnOfIntrst.isWeaponSupplier()[ FK_AGENTATTACKPLAN_AGENT ] ;  { 0.99 0.01 0.0 1.0 0.0 1.0 0.0 1.0 }';
COMMENT ON COLUMN PlanExecution.Executes IS 'PlanExecution.isAgentOf()[ ] , AUX_AgentAttackPlan_AttackPlanTarget.isTarget(Mode)[ !FK_AUXAGENTATTACKPLANATTACKPLANTARGET_AGENTATTACKPLAN ] ;  { 0.5 0.5 0.0 1.0 0.0 1.0 0.0 1.0 }';
COMMENT ON COLUMN PlanExecution.PlantsExplosives IS 'PlanExecution.Executes()[ ] , AUX_AgentAttackPlan_AttackPlanTarget.isTarget(Mode)[ !FK_AUXAGENTATTACKPLANATTACKPLANTARGET_AGENTATTACKPLAN ] ;  { 0.7 0.3 0.0 1.0 0.0 1.0 0.0 1.0 }';
COMMENT ON COLUMN LocationReport.missingCarReport IS 'AgentLocation.isExpectedAt()[ FKl_LOCATIONREPORT_AGENTLOCATION ] , AgentLocation.agentAt()[ FKl_LOCATIONREPORT_AGENTLOCATION ] ;  { 0.2 8.0 0.7 0.3 0.01 0.99 0.01 0.99 }';
COMMENT ON COLUMN LocationReport.HUMINTLocationReport IS 'AgentLocation.isExpectedAt()[ FKl_LOCATIONREPORT_AGENTLOCATION ] , AgentLocation.agentAt()[ FKl_LOCATIONREPORT_AGENTLOCATION ] ;  { 0.8 0.2 0.08 0.92 0.01 0.99 0.0010 0.999 }';
COMMENT ON COLUMN SocialNetwork.SNRival IS ' ;  { 0.01 0.99 }';
COMMENT ON COLUMN SocialNetwork.SNRelated IS 'SocialNetwork.SNRival()[ ] , AUX_isAgentOf_SNRelated_agt1.isAgentOf(Mode)[ !FK_AUXISAGENTOFSNRELATEDAGT1_SOCIALNETWORK ] , AUX_isAgentOf_SNRelated_agt2.isAgentOf(Mode)[ !FK_AUXISAGENTOFSNRELATEDAGT2_SOCIALNETWORK ] ;  { 1.0 0.0 0.65 0.35 1.0 0.0 0.02 0.98 1.0 0.0 0.02 0.98 1.0 0.0 0.02 0.98 }';
COMMENT ON COLUMN AgentLocation.residesAt IS ' ;  { 0.0010 0.999 }';
COMMENT ON COLUMN AgentLocation.isExpectedAt IS 'AgentLocation.residesAt()[ ] ;  { 0.35 0.65 0.01 0.99 }';
COMMENT ON COLUMN AgentLocation.agentAt IS 'AgentLocation.isExpectedAt()[ ] , AUX_AgentLocation_AgentAttackPlan.isAgentOf(Mode)[ !FK_AUXISEXPECTEDATISAGENTOF_AGENTLOCATION ] , AUX_AttackPlanTarget_AgentLocation.isTarget(Mode)[ !FK_AUXATTACKPLANTARGETAGENTLOCATION_AGENTLOCATION ] , AUX_AttackPlanTarget_AgentLocation.isMeetingVenue(Mode)[ !FK_AUXATTACKPLANTARGETAGENTLOCATION_AGENTLOCATION ] ;  { 0.01 0.99 0.01 0.99 0.8 0.2 0.01 0.99 0.8 0.2 0.5 0.5 0.8 0.2 0.01 0.99 0.01 0.99 0.01 0.99 0.8 0.2 0.01 0.99 0.8 0.2 0.01 0.99 0.8 0.2 0.01 0.99 }';
COMMENT ON COLUMN AUX_AgentLocation_AgentAttackPlan.isExpectedAt IS 'AgentLocation.isExpectedAt()[ FK_AUXISEXPECTEDATISAGENTOF_AGENTLOCATION ] ;  { 1.0 0.0 0.0 1.0 }';
COMMENT ON COLUMN AUX_AgentLocation_AgentAttackPlan.isAgentOf IS 'PlanExecution.isAgentOf()[ FK_AUXISEXPECTEDATISAGENTOF_AGENTATTACKPLAN ] ;  { 1.0 0.0 0.0 1.0 }';
COMMENT ON COLUMN AUX_SocialNetwork_AgentAttackPlan.SNRival IS 'SocialNetwork.SNRival()[ FK_AUXSNRIVALISAGENTOF_SOCIALNETWORK ] ;  { 1.0 0.0 0.0 1.0 }';
COMMENT ON COLUMN AUX_isAgentOf_SNRelated_agt1.isAgentOf IS 'PlanExecution.isAgentOf()[ FK_AUXISAGENTOFSNRELATEDAGT1_AGENTATTACKPLAN ] ;  { 1.0 0.0 0.0 1.0 }';
COMMENT ON COLUMN AUX_isAgentOf_SNRelated_agt2.isAgentOf IS 'PlanExecution.isAgentOf()[ FK_AUXISAGENTOFSNRELATEDAGT2_AGENTATTACKPLAN ] ;  { 1.0 0.0 0.0 1.0 }';
COMMENT ON COLUMN AUX_AttackPlanTarget_AgentLocation.isTarget IS 'AttackPlanTarget.isTarget()[ FK_AUXATTACKPLANTARGETAGENTLOCATION_ATTACKPLANTARGET ] ;  { 1.0 0.0 0.0 1.0 }';
COMMENT ON COLUMN AUX_AttackPlanTarget_AgentLocation.isMeetingVenue IS 'AttackPlanTarget.isMeetingVenue()[ FK_AUXATTACKPLANTARGETAGENTLOCATION_ATTACKPLANTARGET ] ;  { 1.0 0.0 0.0 1.0 }';
COMMENT ON COLUMN AUX_AttackPlanTarget_AgentLocation.residesAt IS 'AgentLocation.residesAt()[ FK_AUXATTACKPLANTARGETAGENTLOCATION_AGENTLOCATION ] ;  { 1.0 0.0 0.0 1.0 }';
COMMENT ON COLUMN AUX_AgentAttackPlan_AttackPlanTarget.isAgentOf IS 'PlanExecution.isAgentOf()[ FK_AUXAGENTATTACKPLANATTACKPLANTARGET_AGENTATTACKPLAN ] ;  { 1.0 0.0 0.0 1.0 }';
COMMENT ON COLUMN AUX_AgentAttackPlan_AttackPlanTarget.isTarget IS 'AttackPlanTarget.isTarget()[ FK_AUXAGENTATTACKPLANATTACKPLANTARGET_ATTACKPLANTARGET ] ;  { 1.0 0.0 0.0 1.0 }';

/* Storing data entries */

INSERT INTO "AttackPlan" (isActivePlan, id) VALUES (NULL, 'ConfAtk');
INSERT INTO "PrsnOfIntrst" (isWeaponSupplier, explosiveResidueReport, id) VALUES (NULL, NULL, 'V');
INSERT INTO "PrsnOfIntrst" (isWeaponSupplier, explosiveResidueReport, id) VALUES (NULL, NULL, 'C');
INSERT INTO "PrsnOfIntrst" (isWeaponSupplier, explosiveResidueReport, id) VALUES ('true', NULL, 'AD');
INSERT INTO "PrsnOfIntrst" (isWeaponSupplier, explosiveResidueReport, id) VALUES (NULL, 'true', 'P');
INSERT INTO "PrsnOfIntrst" (isWeaponSupplier, explosiveResidueReport, id) VALUES (NULL, NULL, 'TL6');
INSERT INTO "Venue" (politicalImportance, id) VALUES (NULL, 'ResC');
INSERT INTO "Venue" (politicalImportance, id) VALUES ('High', 'Conf');
INSERT INTO "AttackPlanTarget" (venue_id, attackPlan_id, isTarget, id, isMeetingVenue) VALUES ('ResC', 'ConfAtk', NULL, 'ConfAtk_ResC', NULL);
INSERT INTO "AttackPlanTarget" (venue_id, attackPlan_id, isTarget, id, isMeetingVenue) VALUES ('Conf', 'ConfAtk', NULL, 'ConfAtk_Conf', NULL);
INSERT INTO "PlanExecution" (isAgentOf, prsnOfIntrst_id, Executes, PlantsExplosives, attackPlan_id, suppliesWpnMtrl, id) VALUES (NULL, 'C', NULL, NULL, 'ConfAtk', NULL, 'C_ConfAtk');
INSERT INTO "PlanExecution" (isAgentOf, prsnOfIntrst_id, Executes, PlantsExplosives, attackPlan_id, suppliesWpnMtrl, id) VALUES (NULL, 'TL6', NULL, NULL, 'ConfAtk', NULL, 'TL6_ConfAtk');
INSERT INTO "PlanExecution" (isAgentOf, prsnOfIntrst_id, Executes, PlantsExplosives, attackPlan_id, suppliesWpnMtrl, id) VALUES (NULL, 'P', NULL, NULL, 'ConfAtk', NULL, 'P_ConfAtk');
INSERT INTO "PlanExecution" (isAgentOf, prsnOfIntrst_id, Executes, PlantsExplosives, attackPlan_id, suppliesWpnMtrl, id) VALUES (NULL, 'V', NULL, NULL, 'ConfAtk', NULL, 'V_ConfAtk');
INSERT INTO "PlanExecution" (isAgentOf, prsnOfIntrst_id, Executes, PlantsExplosives, attackPlan_id, suppliesWpnMtrl, id) VALUES (NULL, 'AD', NULL, NULL, 'ConfAtk', NULL, 'AD_ConfAtk');
INSERT INTO "LocationReport" (prsnOfIntrst_id, id, agentLocation_id, missingCarReport, HUMINTLocationReport, venue_id) VALUES ('TL6', 'TL6_ResC', NULL, NULL, 'true', 'ResC');
INSERT INTO "LocationReport" (prsnOfIntrst_id, id, agentLocation_id, missingCarReport, HUMINTLocationReport, venue_id) VALUES ('TL6', 'TL6_Conf', NULL, 'true', NULL, 'Conf');
INSERT INTO "LocationReport" (prsnOfIntrst_id, id, agentLocation_id, missingCarReport, HUMINTLocationReport, venue_id) VALUES ('C', 'C_ResC', NULL, NULL, NULL, 'ResC');
INSERT INTO "LocationReport" (prsnOfIntrst_id, id, agentLocation_id, missingCarReport, HUMINTLocationReport, venue_id) VALUES ('C', 'C_Conf', NULL, NULL, NULL, 'Conf');
INSERT INTO "LocationReport" (prsnOfIntrst_id, id, agentLocation_id, missingCarReport, HUMINTLocationReport, venue_id) VALUES ('P', 'P_ResC', NULL, NULL, NULL, 'ResC');
INSERT INTO "LocationReport" (prsnOfIntrst_id, id, agentLocation_id, missingCarReport, HUMINTLocationReport, venue_id) VALUES ('P', 'P_Conf', NULL, NULL, NULL, 'Conf');
INSERT INTO "LocationReport" (prsnOfIntrst_id, id, agentLocation_id, missingCarReport, HUMINTLocationReport, venue_id) VALUES ('V', 'V_ResC', NULL, NULL, NULL, 'ResC');
INSERT INTO "LocationReport" (prsnOfIntrst_id, id, agentLocation_id, missingCarReport, HUMINTLocationReport, venue_id) VALUES ('V', 'V_Conf', NULL, NULL, NULL, 'Conf');
INSERT INTO "LocationReport" (prsnOfIntrst_id, id, agentLocation_id, missingCarReport, HUMINTLocationReport, venue_id) VALUES ('AD', 'AD_ResC', NULL, NULL, NULL, 'ResC');
INSERT INTO "LocationReport" (prsnOfIntrst_id, id, agentLocation_id, missingCarReport, HUMINTLocationReport, venue_id) VALUES ('AD', 'AD_Conf', NULL, NULL, NULL, 'Conf');
INSERT INTO "SocialNetwork" (SNRelated, id, SNRival, agt1, agt2) VALUES (NULL, 'V_C', NULL, 'V', 'C');
INSERT INTO "SocialNetwork" (SNRelated, id, SNRival, agt1, agt2) VALUES ('true', 'AD_C', NULL, 'AD', 'C');
INSERT INTO "SocialNetwork" (SNRelated, id, SNRival, agt1, agt2) VALUES (NULL, 'P_C', NULL, 'P', 'C');
INSERT INTO "SocialNetwork" (SNRelated, id, SNRival, agt1, agt2) VALUES ('true', 'TL6_C', NULL, 'TL6', 'C');
INSERT INTO "SocialNetwork" (SNRelated, id, SNRival, agt1, agt2) VALUES (NULL, 'C_V', NULL, 'C', 'V');
INSERT INTO "SocialNetwork" (SNRelated, id, SNRival, agt1, agt2) VALUES (NULL, 'AD_V', NULL, 'AD', 'V');
INSERT INTO "SocialNetwork" (SNRelated, id, SNRival, agt1, agt2) VALUES (NULL, 'P_V', NULL, 'P', 'V');
INSERT INTO "SocialNetwork" (SNRelated, id, SNRival, agt1, agt2) VALUES (NULL, 'TL6_V', 'true', 'TL6', 'V');
INSERT INTO "SocialNetwork" (SNRelated, id, SNRival, agt1, agt2) VALUES (NULL, 'V_AD', NULL, 'V', 'AD');
INSERT INTO "SocialNetwork" (SNRelated, id, SNRival, agt1, agt2) VALUES ('true', 'C_AD', NULL, 'C', 'AD');
INSERT INTO "SocialNetwork" (SNRelated, id, SNRival, agt1, agt2) VALUES ('true', 'P_AD', NULL, 'P', 'AD');
INSERT INTO "SocialNetwork" (SNRelated, id, SNRival, agt1, agt2) VALUES (NULL, 'TL6_AD', NULL, 'TL6', 'AD');
INSERT INTO "SocialNetwork" (SNRelated, id, SNRival, agt1, agt2) VALUES (NULL, 'V_P', NULL, 'V', 'P');
INSERT INTO "SocialNetwork" (SNRelated, id, SNRival, agt1, agt2) VALUES (NULL, 'C_P', NULL, 'C', 'P');
INSERT INTO "SocialNetwork" (SNRelated, id, SNRival, agt1, agt2) VALUES (NULL, 'TL6_P', NULL, 'TL6', 'P');
INSERT INTO "SocialNetwork" (SNRelated, id, SNRival, agt1, agt2) VALUES ('true', 'AD_P', NULL, 'AD', 'P');
INSERT INTO "SocialNetwork" (SNRelated, id, SNRival, agt1, agt2) VALUES (NULL, 'V_TL6', 'true', 'V', 'TL6');
INSERT INTO "SocialNetwork" (SNRelated, id, SNRival, agt1, agt2) VALUES ('true', 'C_TL6', NULL, 'C', 'TL6');
INSERT INTO "SocialNetwork" (SNRelated, id, SNRival, agt1, agt2) VALUES (NULL, 'P_TL6', NULL, 'P', 'TL6');
INSERT INTO "SocialNetwork" (SNRelated, id, SNRival, agt1, agt2) VALUES (NULL, 'AD_TL6', NULL, 'AD', 'TL6');
INSERT INTO "AgentLocation" (agentAt, isExpectedAt, residesAt, id, prsnOfIntrst_id, venue_id) VALUES (NULL, 'false', NULL, 'V_ResC', 'V', 'ResC');
INSERT INTO "AgentLocation" (agentAt, isExpectedAt, residesAt, id, prsnOfIntrst_id, venue_id) VALUES (NULL, 'false', NULL, 'TL6_ResC', 'TL6', 'ResC');
INSERT INTO "AgentLocation" (agentAt, isExpectedAt, residesAt, id, prsnOfIntrst_id, venue_id) VALUES (NULL, 'true', NULL, 'V_Conf', 'V', 'Conf');
INSERT INTO "AgentLocation" (agentAt, isExpectedAt, residesAt, id, prsnOfIntrst_id, venue_id) VALUES (NULL, 'true', NULL, 'TL6_Conf', 'TL6', 'Conf');
INSERT INTO "AgentLocation" (agentAt, isExpectedAt, residesAt, id, prsnOfIntrst_id, venue_id) VALUES (NULL, NULL, 'true', 'C_ResC', 'C', 'ResC');
INSERT INTO "AgentLocation" (agentAt, isExpectedAt, residesAt, id, prsnOfIntrst_id, venue_id) VALUES (NULL, NULL, NULL, 'C_Conf', 'C', 'Conf');
INSERT INTO "AgentLocation" (agentAt, isExpectedAt, residesAt, id, prsnOfIntrst_id, venue_id) VALUES (NULL, NULL, NULL, 'P_ResC', 'P', 'ResC');
INSERT INTO "AgentLocation" (agentAt, isExpectedAt, residesAt, id, prsnOfIntrst_id, venue_id) VALUES (NULL, NULL, NULL, 'P_Conf', 'P', 'Conf');
INSERT INTO "AgentLocation" (agentAt, isExpectedAt, residesAt, id, prsnOfIntrst_id, venue_id) VALUES (NULL, NULL, NULL, 'AD_ResC', 'AD', 'ResC');
INSERT INTO "AgentLocation" (agentAt, isExpectedAt, residesAt, id, prsnOfIntrst_id, venue_id) VALUES (NULL, NULL, NULL, 'AD_Conf', 'AD', 'Conf');
INSERT INTO "AUX_AgentLocation_AgentAttackPlan" (isExpectedAt, agentAttackPlan_id, id, isAgentOf, agentLocation_id) VALUES (NULL, 'V_ConfAtk', 'V_ResC_ConfAtk', NULL, 'V_ResC');
INSERT INTO "AUX_AgentLocation_AgentAttackPlan" (isExpectedAt, agentAttackPlan_id, id, isAgentOf, agentLocation_id) VALUES (NULL, 'TL6_ConfAtk', 'TL6_ResC_ConfAtk', NULL, 'TL6_ResC');
INSERT INTO "AUX_AgentLocation_AgentAttackPlan" (isExpectedAt, agentAttackPlan_id, id, isAgentOf, agentLocation_id) VALUES (NULL, 'V_ConfAtk', 'V_Conf_ConfAtk', NULL, 'V_Conf');
INSERT INTO "AUX_AgentLocation_AgentAttackPlan" (isExpectedAt, agentAttackPlan_id, id, isAgentOf, agentLocation_id) VALUES (NULL, 'TL6_ConfAtk', 'TL6_Conf_ConfAtk', NULL, 'TL6_Conf');
INSERT INTO "AUX_AgentLocation_AgentAttackPlan" (isExpectedAt, agentAttackPlan_id, id, isAgentOf, agentLocation_id) VALUES (NULL, 'C_ConfAtk', 'C_ResC_ConfAtk', NULL, 'C_ResC');
INSERT INTO "AUX_AgentLocation_AgentAttackPlan" (isExpectedAt, agentAttackPlan_id, id, isAgentOf, agentLocation_id) VALUES (NULL, 'C_ConfAtk', 'C_Conf_ConfAtk', NULL, 'C_Conf');
INSERT INTO "AUX_AgentLocation_AgentAttackPlan" (isExpectedAt, agentAttackPlan_id, id, isAgentOf, agentLocation_id) VALUES (NULL, 'P_ConfAtk', 'P_ResC_ConfAtk', NULL, 'P_ResC');
INSERT INTO "AUX_AgentLocation_AgentAttackPlan" (isExpectedAt, agentAttackPlan_id, id, isAgentOf, agentLocation_id) VALUES (NULL, 'P_ConfAtk', 'P_Conf_ConfAtk', NULL, 'P_Conf');
INSERT INTO "AUX_AgentLocation_AgentAttackPlan" (isExpectedAt, agentAttackPlan_id, id, isAgentOf, agentLocation_id) VALUES (NULL, 'AD_ConfAtk', 'AD_ResC_ConfAtk', NULL, 'AD_ResC');
INSERT INTO "AUX_AgentLocation_AgentAttackPlan" (isExpectedAt, agentAttackPlan_id, id, isAgentOf, agentLocation_id) VALUES (NULL, 'AD_ConfAtk', 'AD_Conf_ConfAtk', NULL, 'AD_Conf');
INSERT INTO "AUX_SocialNetwork_AgentAttackPlan" (SNRival, id, agentAttackPlan_id, SocialNetwork_id) VALUES (NULL, 'V_C_ConfAtk', 'C_ConfAtk', 'V_C');
INSERT INTO "AUX_SocialNetwork_AgentAttackPlan" (SNRival, id, agentAttackPlan_id, SocialNetwork_id) VALUES (NULL, 'AD_C_ConfAtk', 'C_ConfAtk', 'AD_C');
INSERT INTO "AUX_SocialNetwork_AgentAttackPlan" (SNRival, id, agentAttackPlan_id, SocialNetwork_id) VALUES (NULL, 'P_C_ConfAtk', 'C_ConfAtk', 'P_C');
INSERT INTO "AUX_SocialNetwork_AgentAttackPlan" (SNRival, id, agentAttackPlan_id, SocialNetwork_id) VALUES (NULL, 'TL6_C_ConfAtk', 'C_ConfAtk', 'TL6_C');
INSERT INTO "AUX_SocialNetwork_AgentAttackPlan" (SNRival, id, agentAttackPlan_id, SocialNetwork_id) VALUES (NULL, 'C_V_ConfAtk', 'V_ConfAtk', 'C_V');
INSERT INTO "AUX_SocialNetwork_AgentAttackPlan" (SNRival, id, agentAttackPlan_id, SocialNetwork_id) VALUES (NULL, 'AD_V_ConfAtk', 'V_ConfAtk', 'AD_V');
INSERT INTO "AUX_SocialNetwork_AgentAttackPlan" (SNRival, id, agentAttackPlan_id, SocialNetwork_id) VALUES (NULL, 'P_V_ConfAtk', 'V_ConfAtk', 'P_V');
INSERT INTO "AUX_SocialNetwork_AgentAttackPlan" (SNRival, id, agentAttackPlan_id, SocialNetwork_id) VALUES (NULL, 'TL6_V_ConfAtk', 'V_ConfAtk', 'TL6_V');
INSERT INTO "AUX_SocialNetwork_AgentAttackPlan" (SNRival, id, agentAttackPlan_id, SocialNetwork_id) VALUES (NULL, 'V_AD_ConfAtk', 'AD_ConfAtk', 'V_AD');
INSERT INTO "AUX_SocialNetwork_AgentAttackPlan" (SNRival, id, agentAttackPlan_id, SocialNetwork_id) VALUES (NULL, 'C_AD_ConfAtk', 'AD_ConfAtk', 'C_AD');
INSERT INTO "AUX_SocialNetwork_AgentAttackPlan" (SNRival, id, agentAttackPlan_id, SocialNetwork_id) VALUES (NULL, 'P_AD_ConfAtk', 'AD_ConfAtk', 'P_AD');
INSERT INTO "AUX_SocialNetwork_AgentAttackPlan" (SNRival, id, agentAttackPlan_id, SocialNetwork_id) VALUES (NULL, 'TL6_AD_ConfAtk', 'AD_ConfAtk', 'TL6_AD');
INSERT INTO "AUX_SocialNetwork_AgentAttackPlan" (SNRival, id, agentAttackPlan_id, SocialNetwork_id) VALUES (NULL, 'V_P_ConfAtk', 'P_ConfAtk', 'V_P');
INSERT INTO "AUX_SocialNetwork_AgentAttackPlan" (SNRival, id, agentAttackPlan_id, SocialNetwork_id) VALUES (NULL, 'C_P_ConfAtk', 'P_ConfAtk', 'C_P');
INSERT INTO "AUX_SocialNetwork_AgentAttackPlan" (SNRival, id, agentAttackPlan_id, SocialNetwork_id) VALUES (NULL, 'TL6_P_ConfAtk', 'P_ConfAtk', 'TL6_P');
INSERT INTO "AUX_SocialNetwork_AgentAttackPlan" (SNRival, id, agentAttackPlan_id, SocialNetwork_id) VALUES (NULL, 'AD_P_ConfAtk', 'P_ConfAtk', 'AD_P');
INSERT INTO "AUX_SocialNetwork_AgentAttackPlan" (SNRival, id, agentAttackPlan_id, SocialNetwork_id) VALUES (NULL, 'V_TL6_ConfAtk', 'TL6_ConfAtk', 'V_TL6');
INSERT INTO "AUX_SocialNetwork_AgentAttackPlan" (SNRival, id, agentAttackPlan_id, SocialNetwork_id) VALUES (NULL, 'C_TL6_ConfAtk', 'TL6_ConfAtk', 'C_TL6');
INSERT INTO "AUX_SocialNetwork_AgentAttackPlan" (SNRival, id, agentAttackPlan_id, SocialNetwork_id) VALUES (NULL, 'P_TL6_ConfAtk', 'TL6_ConfAtk', 'P_TL6');
INSERT INTO "AUX_SocialNetwork_AgentAttackPlan" (SNRival, id, agentAttackPlan_id, SocialNetwork_id) VALUES (NULL, 'AD_TL6_ConfAtk', 'TL6_ConfAtk', 'AD_TL6');
INSERT INTO "AUX_isAgentOf_SNRelated_agt1" (socialNetwork_id, isAgentOf, id, agentAttackPlan_id) VALUES ('V_C', NULL, 'V_C_ConfAtk', 'V_ConfAtk');
INSERT INTO "AUX_isAgentOf_SNRelated_agt1" (socialNetwork_id, isAgentOf, id, agentAttackPlan_id) VALUES ('AD_C', NULL, 'AD_C_ConfAtk', 'AD_ConfAtk');
INSERT INTO "AUX_isAgentOf_SNRelated_agt1" (socialNetwork_id, isAgentOf, id, agentAttackPlan_id) VALUES ('P_C', NULL, 'P_C_ConfAtk', 'P_ConfAtk');
INSERT INTO "AUX_isAgentOf_SNRelated_agt1" (socialNetwork_id, isAgentOf, id, agentAttackPlan_id) VALUES ('TL6_C', NULL, 'TL6_C_ConfAtk', 'TL6_ConfAtk');
INSERT INTO "AUX_isAgentOf_SNRelated_agt1" (socialNetwork_id, isAgentOf, id, agentAttackPlan_id) VALUES ('C_V', NULL, 'C_V_ConfAtk', 'C_ConfAtk');
INSERT INTO "AUX_isAgentOf_SNRelated_agt1" (socialNetwork_id, isAgentOf, id, agentAttackPlan_id) VALUES ('AD_V', NULL, 'AD_V_ConfAtk', 'AD_ConfAtk');
INSERT INTO "AUX_isAgentOf_SNRelated_agt1" (socialNetwork_id, isAgentOf, id, agentAttackPlan_id) VALUES ('P_V', NULL, 'P_V_ConfAtk', 'P_ConfAtk');
INSERT INTO "AUX_isAgentOf_SNRelated_agt1" (socialNetwork_id, isAgentOf, id, agentAttackPlan_id) VALUES ('TL6_V', NULL, 'TL6_V_ConfAtk', 'TL6_ConfAtk');
INSERT INTO "AUX_isAgentOf_SNRelated_agt1" (socialNetwork_id, isAgentOf, id, agentAttackPlan_id) VALUES ('V_AD', NULL, 'V_AD_ConfAtk', 'V_ConfAtk');
INSERT INTO "AUX_isAgentOf_SNRelated_agt1" (socialNetwork_id, isAgentOf, id, agentAttackPlan_id) VALUES ('C_AD', NULL, 'C_AD_ConfAtk', 'C_ConfAtk');
INSERT INTO "AUX_isAgentOf_SNRelated_agt1" (socialNetwork_id, isAgentOf, id, agentAttackPlan_id) VALUES ('P_AD', NULL, 'P_AD_ConfAtk', 'P_ConfAtk');
INSERT INTO "AUX_isAgentOf_SNRelated_agt1" (socialNetwork_id, isAgentOf, id, agentAttackPlan_id) VALUES ('TL6_AD', NULL, 'TL6_AD_ConfAtk', 'TL6_ConfAtk');
INSERT INTO "AUX_isAgentOf_SNRelated_agt1" (socialNetwork_id, isAgentOf, id, agentAttackPlan_id) VALUES ('V_P', NULL, 'V_P_ConfAtk', 'V_ConfAtk');
INSERT INTO "AUX_isAgentOf_SNRelated_agt1" (socialNetwork_id, isAgentOf, id, agentAttackPlan_id) VALUES ('C_P', NULL, 'C_P_ConfAtk', 'C_ConfAtk');
INSERT INTO "AUX_isAgentOf_SNRelated_agt1" (socialNetwork_id, isAgentOf, id, agentAttackPlan_id) VALUES ('TL6_P', NULL, 'TL6_P_ConfAtk', 'TL6_ConfAtk');
INSERT INTO "AUX_isAgentOf_SNRelated_agt1" (socialNetwork_id, isAgentOf, id, agentAttackPlan_id) VALUES ('AD_P', NULL, 'AD_P_ConfAtk', 'AD_ConfAtk');
INSERT INTO "AUX_isAgentOf_SNRelated_agt1" (socialNetwork_id, isAgentOf, id, agentAttackPlan_id) VALUES ('V_TL6', NULL, 'V_TL6_ConfAtk', 'V_ConfAtk');
INSERT INTO "AUX_isAgentOf_SNRelated_agt1" (socialNetwork_id, isAgentOf, id, agentAttackPlan_id) VALUES ('C_TL6', NULL, 'C_TL6_ConfAtk', 'C_ConfAtk');
INSERT INTO "AUX_isAgentOf_SNRelated_agt1" (socialNetwork_id, isAgentOf, id, agentAttackPlan_id) VALUES ('P_TL6', NULL, 'P_TL6_ConfAtk', 'P_ConfAtk');
INSERT INTO "AUX_isAgentOf_SNRelated_agt1" (socialNetwork_id, isAgentOf, id, agentAttackPlan_id) VALUES ('AD_TL6', NULL, 'AD_TL6_ConfAtk', 'AD_ConfAtk');
INSERT INTO "AUX_isAgentOf_SNRelated_agt2" (socialNetwork_id, isAgentOf, id, agentAttackPlan_id) VALUES ('V_C', NULL, 'V_C_ConfAtk', 'C_ConfAtk');
INSERT INTO "AUX_isAgentOf_SNRelated_agt2" (socialNetwork_id, isAgentOf, id, agentAttackPlan_id) VALUES ('AD_C', NULL, 'AD_C_ConfAtk', 'C_ConfAtk');
INSERT INTO "AUX_isAgentOf_SNRelated_agt2" (socialNetwork_id, isAgentOf, id, agentAttackPlan_id) VALUES ('P_C', NULL, 'P_C_ConfAtk', 'C_ConfAtk');
INSERT INTO "AUX_isAgentOf_SNRelated_agt2" (socialNetwork_id, isAgentOf, id, agentAttackPlan_id) VALUES ('TL6_C', NULL, 'TL6_C_ConfAtk', 'C_ConfAtk');
INSERT INTO "AUX_isAgentOf_SNRelated_agt2" (socialNetwork_id, isAgentOf, id, agentAttackPlan_id) VALUES ('C_V', NULL, 'C_V_ConfAtk', 'V_ConfAtk');
INSERT INTO "AUX_isAgentOf_SNRelated_agt2" (socialNetwork_id, isAgentOf, id, agentAttackPlan_id) VALUES ('AD_V', NULL, 'AD_V_ConfAtk', 'V_ConfAtk');
INSERT INTO "AUX_isAgentOf_SNRelated_agt2" (socialNetwork_id, isAgentOf, id, agentAttackPlan_id) VALUES ('P_V', NULL, 'P_V_ConfAtk', 'V_ConfAtk');
INSERT INTO "AUX_isAgentOf_SNRelated_agt2" (socialNetwork_id, isAgentOf, id, agentAttackPlan_id) VALUES ('TL6_V', NULL, 'TL6_V_ConfAtk', 'V_ConfAtk');
INSERT INTO "AUX_isAgentOf_SNRelated_agt2" (socialNetwork_id, isAgentOf, id, agentAttackPlan_id) VALUES ('V_AD', NULL, 'V_AD_ConfAtk', 'AD_ConfAtk');
INSERT INTO "AUX_isAgentOf_SNRelated_agt2" (socialNetwork_id, isAgentOf, id, agentAttackPlan_id) VALUES ('C_AD', NULL, 'C_AD_ConfAtk', 'AD_ConfAtk');
INSERT INTO "AUX_isAgentOf_SNRelated_agt2" (socialNetwork_id, isAgentOf, id, agentAttackPlan_id) VALUES ('P_AD', NULL, 'P_AD_ConfAtk', 'AD_ConfAtk');
INSERT INTO "AUX_isAgentOf_SNRelated_agt2" (socialNetwork_id, isAgentOf, id, agentAttackPlan_id) VALUES ('TL6_AD', NULL, 'TL6_AD_ConfAtk', 'AD_ConfAtk');
INSERT INTO "AUX_isAgentOf_SNRelated_agt2" (socialNetwork_id, isAgentOf, id, agentAttackPlan_id) VALUES ('V_P', NULL, 'V_P_ConfAtk', 'P_ConfAtk');
INSERT INTO "AUX_isAgentOf_SNRelated_agt2" (socialNetwork_id, isAgentOf, id, agentAttackPlan_id) VALUES ('C_P', NULL, 'C_P_ConfAtk', 'P_ConfAtk');
INSERT INTO "AUX_isAgentOf_SNRelated_agt2" (socialNetwork_id, isAgentOf, id, agentAttackPlan_id) VALUES ('TL6_P', NULL, 'TL6_P_ConfAtk', 'P_ConfAtk');
INSERT INTO "AUX_isAgentOf_SNRelated_agt2" (socialNetwork_id, isAgentOf, id, agentAttackPlan_id) VALUES ('AD_P', NULL, 'AD_P_ConfAtk', 'P_ConfAtk');
INSERT INTO "AUX_isAgentOf_SNRelated_agt2" (socialNetwork_id, isAgentOf, id, agentAttackPlan_id) VALUES ('V_TL6', NULL, 'V_TL6_ConfAtk', 'TL6_ConfAtk');
INSERT INTO "AUX_isAgentOf_SNRelated_agt2" (socialNetwork_id, isAgentOf, id, agentAttackPlan_id) VALUES ('C_TL6', NULL, 'C_TL6_ConfAtk', 'TL6_ConfAtk');
INSERT INTO "AUX_isAgentOf_SNRelated_agt2" (socialNetwork_id, isAgentOf, id, agentAttackPlan_id) VALUES ('P_TL6', NULL, 'P_TL6_ConfAtk', 'TL6_ConfAtk');
INSERT INTO "AUX_isAgentOf_SNRelated_agt2" (socialNetwork_id, isAgentOf, id, agentAttackPlan_id) VALUES ('AD_TL6', NULL, 'AD_TL6_ConfAtk', 'TL6_ConfAtk');
